product_id,product_category_name,product_name_lenght,product_description_lenght,product_photos_qty,product_weight_g,product_length_cm,product_height_cm,product_width_cm
prod_00000,informatica_acessorios,59,434,4,3057,59,37,43
prod_00001,brinquedos,34,690,4,2281,25,6,26
prod_00002,brinquedos,66,102,5,2774,11,29,20
prod_00003,relogios_presentes,67,133,5,3911,34,27,38
prod_00004,informatica_acessorios,66,146,3,3343,28,15,44
prod_00005,informatica_acessorios,24,630,4,879,46,9,37
prod_00006,brinquedos,30,385,3,2667,14,20,22
prod_00007,perfumaria,56,261,4,3338,29,15,13
prod_00008,cool_stuff,42,535,4,2036,32,8,25
prod_00009,esporte_lazer,68,696,1,900,24,33,43
prod_00010,cama_mesa_banho,37,422,1,3193,18,13,30
prod_00011,cool_stuff,29,196,3,1091,16,22,25
prod_00012,utilidades_domesticas,66,692,5,2171,46,22,29
prod_00013,informatica_acessorios,40,261,3,1751,12,31,47
prod_00014,eletronicos,25,331,1,2502,33,10,44
prod_00015,eletronicos,67,986,2,3358,30,31,45
prod_00016,eletronicos,31,979,5,284,39,15,26
prod_00017,esporte_lazer,57,922,2,546,27,13,46
prod_00018,cool_stuff,25,197,5,2899,25,17,32
prod_00019,ferramentas_jardim,31,310,1,3987,54,22,44
prod_00020,beleza_saude,58,223,2,4967,59,22,15
prod_00021,moveis_decoracao,21,228,2,4432,26,5,10
prod_00022,utilidades_domesticas,46,426,4,1683,58,33,49
prod_00023,beleza_saude,32,569,2,1797,36,27,10
prod_00024,informatica_acessorios,31,772,4,4619,53,36,12
prod_00025,beleza_saude,22,648,1,2804,19,31,24
prod_00026,ferramentas_jardim,44,661,2,2082,29,22,18
prod_00027,eletronicos,43,425,4,3454,56,20,43
prod_00028,cama_mesa_banho,65,102,2,3901,30,29,34
prod_00029,telefonia,52,597,1,3584,24,5,26
prod_00030,cama_mesa_banho,26,262,2,1831,20,5,17
prod_00031,perfumaria,30,243,2,2027,19,37,11
prod_00032,brinquedos,25,402,3,1197,23,14,15
prod_00033,eletrodomesticos,51,317,3,2531,54,10,32
prod_00034,moveis_decoracao,44,646,4,1146,57,28,22
prod_00035,telefonia,69,840,2,639,57,10,42
prod_00036,eletronicos,24,715,2,1761,18,13,19
prod_00037,moveis_decoracao,63,396,2,1292,54,37,44
prod_00038,esporte_lazer,31,462,2,2525,55,19,31
prod_00039,esporte_lazer,40,273,3,1233,39,12,22
prod_00040,beleza_saude,69,232,2,3803,24,30,14
prod_00041,eletrodomesticos,66,287,4,1571,26,11,15
prod_00042,automotivo,53,537,2,855,41,14,21
prod_00043,ferramentas_jardim,27,149,3,2840,42,22,32
prod_00044,cool_stuff,34,117,4,654,25,30,38
prod_00045,informatica_acessorios,36,276,3,4999,28,8,40
prod_00046,perfumaria,25,891,4,3869,11,12,11
prod_00047,cama_mesa_banho,41,769,4,2769,13,29,31
prod_00048,brinquedos,42,114,2,2731,14,22,27
prod_00049,telefonia,57,821,5,1074,47,9,33
prod_00050,automotivo,65,755,3,3863,17,8,23
prod_00051,perfumaria,68,757,4,3606,49,12,47
prod_00052,eletrodomesticos,25,318,4,1493,33,6,43
prod_00053,moveis_decoracao,39,100,3,4761,40,7,13
prod_00054,informatica_acessorios,52,350,3,3785,30,34,19
prod_00055,eletrodomesticos,45,494,1,896,23,11,17
prod_00056,beleza_saude,67,778,3,1418,16,28,47
prod_00057,ferramentas_jardim,57,557,5,4272,12,11,36
prod_00058,relogios_presentes,38,236,5,511,35,5,39
prod_00059,relogios_presentes,23,728,5,189,37,34,12
prod_00060,moveis_decoracao,27,778,1,2685,53,38,48
prod_00061,cool_stuff,47,500,1,828,28,10,38
prod_00062,automotivo,54,326,1,246,22,5,41
prod_00063,eletrodomesticos,47,262,4,3455,10,30,33
prod_00064,cool_stuff,62,260,2,4701,48,35,37
prod_00065,perfumaria,39,178,1,910,47,6,40
prod_00066,telefonia,45,408,2,371,18,15,28
prod_00067,cama_mesa_banho,67,803,2,1779,30,34,38
prod_00068,telefonia,51,812,2,61,10,27,25
prod_00069,esporte_lazer,49,556,5,2550,17,20,42
prod_00070,beleza_saude,41,382,1,1789,31,31,44
prod_00071,relogios_presentes,51,761,3,1490,35,27,32
prod_00072,perfumaria,39,714,3,1387,37,37,27
prod_00073,ferramentas_jardim,33,781,5,1250,26,26,48
prod_00074,automotivo,31,336,4,3284,30,20,46
prod_00075,informatica_acessorios,20,995,4,894,37,8,22
prod_00076,beleza_saude,62,536,1,3387,27,19,26
prod_00077,telefonia,62,707,3,1008,42,21,17
prod_00078,cama_mesa_banho,42,715,2,512,38,35,44
prod_00079,cama_mesa_banho,47,180,1,4567,40,35,26
prod_00080,automotivo,41,932,4,1018,21,39,20
prod_00081,beleza_saude,68,850,1,4462,55,26,28
prod_00082,eletronicos,29,898,3,2827,28,26,47
prod_00083,cama_mesa_banho,55,299,2,1267,42,7,22
prod_00084,eletrodomesticos,44,496,2,595,39,22,43
prod_00085,relogios_presentes,51,232,4,3906,15,30,31
prod_00086,beleza_saude,42,895,4,4483,29,39,29
prod_00087,utilidades_domesticas,38,231,5,413,42,28,45
prod_00088,esporte_lazer,65,723,3,1670,38,30,40
prod_00089,cool_stuff,36,896,4,2223,58,25,40
prod_00090,brinquedos,68,205,3,3999,44,11,27
prod_00091,informatica_acessorios,69,463,5,1841,35,9,37
prod_00092,informatica_acessorios,61,430,1,3732,32,35,29
prod_00093,eletrodomesticos,69,858,5,1557,46,19,43
prod_00094,cool_stuff,43,142,3,1854,36,6,31
prod_00095,eletrodomesticos,25,162,4,1284,57,22,45
prod_00096,eletrodomesticos,38,870,5,4032,57,14,17
prod_00097,brinquedos,38,348,2,1656,32,6,38
prod_00098,perfumaria,64,831,3,2217,47,14,31
prod_00099,automotivo,31,593,4,4670,59,16,12
prod_00100,informatica_acessorios,51,529,1,538,59,26,11
prod_00101,beleza_saude,44,821,4,4129,39,25,18
prod_00102,ferramentas_jardim,51,696,3,2423,58,32,18
prod_00103,eletronicos,23,578,2,4865,52,7,35
prod_00104,informatica_acessorios,58,783,4,246,51,32,10
prod_00105,informatica_acessorios,21,625,4,2046,27,9,25
prod_00106,eletrodomesticos,42,629,3,843,59,9,27
prod_00107,moveis_decoracao,26,528,3,4704,39,13,48
prod_00108,cama_mesa_banho,39,784,2,706,28,28,40
prod_00109,brinquedos,55,969,4,1916,54,35,10
prod_00110,eletronicos,36,573,2,2815,51,18,10
prod_00111,cool_stuff,41,252,3,4072,52,31,33
prod_00112,moveis_decoracao,26,665,2,3399,10,25,23
prod_00113,esporte_lazer,59,741,3,4696,54,27,32
prod_00114,eletrodomesticos,42,132,1,912,13,8,17
prod_00115,utilidades_domesticas,33,911,2,154,26,8,11
prod_00116,ferramentas_jardim,29,840,4,3546,46,9,14
prod_00117,ferramentas_jardim,65,910,4,916,15,17,47
prod_00118,esporte_lazer,20,542,4,351,49,36,42
prod_00119,cool_stuff,65,227,4,4878,58,9,13
prod_00120,ferramentas_jardim,36,440,1,846,53,35,48
prod_00121,telefonia,59,485,4,2573,59,19,17
prod_00122,eletronicos,33,834,2,1398,50,22,38
prod_00123,moveis_decoracao,68,361,3,673,40,22,38
prod_00124,esporte_lazer,36,665,3,1259,47,32,46
prod_00125,cama_mesa_banho,29,553,3,333,31,12,47
prod_00126,cama_mesa_banho,37,320,3,3024,30,32,39
prod_00127,moveis_decoracao,54,506,2,625,31,18,21
prod_00128,brinquedos,29,210,4,141,54,9,49
prod_00129,relogios_presentes,62,157,5,1227,44,22,17
prod_00130,beleza_saude,39,453,4,2445,38,11,28
prod_00131,informatica_acessorios,35,840,5,1495,33,22,12
prod_00132,cool_stuff,36,726,1,2992,26,23,49
prod_00133,cama_mesa_banho,58,360,3,4548,45,20,32
prod_00134,perfumaria,69,345,1,1038,54,19,25
prod_00135,eletronicos,47,274,3,1033,59,36,37
prod_00136,ferramentas_jardim,28,349,5,1287,32,6,35
prod_00137,informatica_acessorios,39,991,3,3897,19,33,21
prod_00138,informatica_acessorios,25,659,3,4549,38,30,33
prod_00139,cama_mesa_banho,32,998,4,4424,46,25,23
prod_00140,ferramentas_jardim,28,434,4,205,36,37,27
prod_00141,cool_stuff,67,555,4,1736,29,19,49
prod_00142,cama_mesa_banho,52,898,1,710,21,33,32
prod_00143,telefonia,54,307,2,3402,47,23,24
prod_00144,telefonia,41,306,5,2898,15,35,12
prod_00145,cool_stuff,42,573,1,2667,35,28,49
prod_00146,moveis_decoracao,65,590,4,3590,33,19,19
prod_00147,beleza_saude,44,276,4,770,55,34,41
prod_00148,utilidades_domesticas,55,904,2,4508,11,29,18
prod_00149,eletrodomesticos,26,448,1,4331,13,21,18
prod_00150,esporte_lazer,34,467,4,3295,39,33,31
prod_00151,eletronicos,48,630,3,3462,11,29,11
prod_00152,ferramentas_jardim,27,172,5,3444,41,7,42
prod_00153,moveis_decoracao,56,643,1,3221,15,26,41
prod_00154,beleza_saude,29,545,3,3058,10,9,20
prod_00155,ferramentas_jardim,29,887,1,1858,51,11,35
prod_00156,esporte_lazer,69,847,1,2070,32,31,39
prod_00157,ferramentas_jardim,64,415,4,3111,38,19,25
prod_00158,cool_stuff,32,750,2,716,17,18,26
prod_00159,relogios_presentes,38,261,3,1944,52,16,34
prod_00160,ferramentas_jardim,67,195,4,1087,33,19,33
prod_00161,moveis_decoracao,68,152,5,1206,22,30,19
prod_00162,automotivo,42,276,4,347,21,31,14
prod_00163,perfumaria,34,932,1,332,14,9,38
prod_00164,eletrodomesticos,36,522,3,2053,28,26,48
prod_00165,cama_mesa_banho,29,195,5,1023,27,25,25
prod_00166,eletrodomesticos,59,167,4,664,24,27,31
prod_00167,ferramentas_jardim,65,281,1,4699,21,28,46
prod_00168,relogios_presentes,52,978,5,4633,55,9,18
prod_00169,eletronicos,64,865,1,1142,20,19,43
prod_00170,ferramentas_jardim,37,352,4,3024,14,38,10
prod_00171,informatica_acessorios,23,263,4,1385,28,33,27
prod_00172,beleza_saude,23,151,1,3384,11,39,28
prod_00173,eletrodomesticos,34,198,3,1875,45,29,26
prod_00174,informatica_acessorios,50,223,3,3576,18,8,48
prod_00175,ferramentas_jardim,21,632,2,223,17,30,30
prod_00176,perfumaria,31,695,4,2253,40,8,25
prod_00177,telefonia,52,562,3,3166,56,6,43
prod_00178,eletronicos,65,527,1,1681,39,20,29
prod_00179,eletronicos,69,259,3,2744,23,18,47
prod_00180,eletrodomesticos,39,772,5,607,32,24,12
prod_00181,beleza_saude,21,927,5,3648,16,23,19
prod_00182,beleza_saude,58,552,1,1512,30,24,41
prod_00183,beleza_saude,20,850,1,4819,17,32,18
prod_00184,ferramentas_jardim,39,489,4,1386,13,9,23
prod_00185,cool_stuff,43,740,5,1973,17,19,44
prod_00186,informatica_acessorios,33,344,3,1326,50,23,35
prod_00187,cool_stuff,68,462,2,245,20,30,13
prod_00188,utilidades_domesticas,56,370,1,1972,33,34,11
prod_00189,cool_stuff,60,970,5,4391,18,16,10
prod_00190,informatica_acessorios,48,924,1,2052,26,23,11
prod_00191,cama_mesa_banho,40,975,3,4684,27,13,13
prod_00192,relogios_presentes,51,100,3,3111,30,9,39
prod_00193,brinquedos,57,374,5,1598,40,33,13
prod_00194,informatica_acessorios,42,249,4,4981,18,36,29
prod_00195,esporte_lazer,48,637,4,1063,54,7,46
prod_00196,cool_stuff,33,873,2,1108,43,29,18
prod_00197,cool_stuff,26,543,3,1860,26,38,32
prod_00198,esporte_lazer,42,352,1,2141,30,35,37
prod_00199,utilidades_domesticas,36,538,3,3227,32,25,41
prod_00200,informatica_acessorios,53,805,5,4702,53,14,30
prod_00201,beleza_saude,51,274,2,2050,45,38,42
prod_00202,brinquedos,56,145,4,4265,43,33,48
prod_00203,beleza_saude,24,971,4,4298,19,25,36
prod_00204,eletrodomesticos,61,533,3,922,39,17,16
prod_00205,brinquedos,64,888,4,1189,45,36,28
prod_00206,eletronicos,39,844,1,1695,41,30,14
prod_00207,moveis_decoracao,27,637,2,2349,36,22,17
prod_00208,brinquedos,27,860,3,3940,10,30,41
prod_00209,moveis_decoracao,43,871,2,2415,26,28,46
prod_00210,informatica_acessorios,44,454,2,4100,53,35,39
prod_00211,esporte_lazer,65,295,3,2233,18,20,41
prod_00212,informatica_acessorios,46,464,4,1402,27,33,13
prod_00213,ferramentas_jardim,51,280,2,3011,31,16,48
prod_00214,perfumaria,26,128,5,4199,39,9,15
prod_00215,automotivo,31,986,5,605,20,14,12
prod_00216,eletrodomesticos,67,379,4,1711,51,16,11
prod_00217,informatica_acessorios,26,800,5,500,51,32,30
prod_00218,ferramentas_jardim,64,165,2,4525,48,5,39
prod_00219,esporte_lazer,64,283,5,1420,24,30,36
prod_00220,relogios_presentes,27,109,1,2387,57,38,23
prod_00221,beleza_saude,23,202,5,4393,45,25,38
prod_00222,moveis_decoracao,47,808,1,225,21,22,25
prod_00223,relogios_presentes,65,631,5,2992,56,33,13
prod_00224,ferramentas_jardim,67,521,2,1359,35,14,23
prod_00225,eletrodomesticos,35,199,5,3157,58,33,25
prod_00226,esporte_lazer,59,455,5,2632,15,39,20
prod_00227,utilidades_domesticas,53,335,5,1422,44,24,40
prod_00228,eletrodomesticos,46,755,2,272,54,13,45
prod_00229,automotivo,45,281,4,4569,11,15,38
prod_00230,perfumaria,62,478,4,4834,32,15,19
prod_00231,eletrodomesticos,30,486,1,1680,13,10,47
prod_00232,ferramentas_jardim,20,163,5,3254,47,34,47
prod_00233,beleza_saude,40,992,2,4947,52,26,37
prod_00234,esporte_lazer,51,192,3,4298,12,8,44
prod_00235,beleza_saude,30,639,1,4222,51,9,42
prod_00236,perfumaria,42,157,3,4313,18,10,40
prod_00237,eletrodomesticos,23,653,2,1475,28,37,17
prod_00238,utilidades_domesticas,21,548,5,4531,11,10,40
prod_00239,esporte_lazer,39,610,4,3911,28,20,14
prod_00240,beleza_saude,47,174,5,3071,10,7,48
prod_00241,utilidades_domesticas,28,299,2,1182,16,20,47
prod_00242,informatica_acessorios,62,765,2,188,19,17,30
prod_00243,cool_stuff,24,794,1,1653,59,35,34
prod_00244,telefonia,29,924,1,3501,14,16,18
prod_00245,eletrodomesticos,28,179,2,617,49,27,30
prod_00246,ferramentas_jardim,22,318,2,279,16,12,11
prod_00247,ferramentas_jardim,50,575,2,3118,47,6,46
prod_00248,beleza_saude,54,863,1,2849,19,11,15
prod_00249,esporte_lazer,23,880,1,4257,33,26,29
prod_00250,moveis_decoracao,26,140,2,2664,15,8,22
prod_00251,moveis_decoracao,35,580,3,2405,53,17,23
prod_00252,esporte_lazer,35,180,5,3218,51,35,12
prod_00253,cool_stuff,47,964,3,2064,48,5,34
prod_00254,esporte_lazer,58,787,1,496,16,14,24
prod_00255,ferramentas_jardim,69,211,1,3648,39,24,22
prod_00256,relogios_presentes,32,312,3,2738,57,9,37
prod_00257,utilidades_domesticas,63,473,3,761,36,32,13
prod_00258,eletrodomesticos,39,400,4,1128,42,39,47
prod_00259,cama_mesa_banho,64,691,3,934,12,12,35
prod_00260,telefonia,23,599,3,2593,48,33,28
prod_00261,utilidades_domesticas,43,362,4,3860,13,35,10
prod_00262,beleza_saude,51,898,5,957,46,16,38
prod_00263,cama_mesa_banho,41,719,3,766,14,12,37
prod_00264,utilidades_domesticas,63,445,3,2283,47,27,44
prod_00265,utilidades_domesticas,24,307,1,1038,40,23,22
prod_00266,cama_mesa_banho,53,185,5,2563,49,28,42
prod_00267,utilidades_domesticas,59,716,3,1825,54,23,14
prod_00268,automotivo,51,884,3,1468,31,38,23
prod_00269,automotivo,43,643,3,3785,50,39,18
prod_00270,telefonia,56,508,2,3393,17,17,13
prod_00271,perfumaria,27,443,2,4476,41,19,11
prod_00272,esporte_lazer,66,200,5,914,25,34,23
prod_00273,eletrodomesticos,37,777,1,2770,23,7,12
prod_00274,informatica_acessorios,63,796,5,4982,57,31,13
prod_00275,eletronicos,28,236,4,1261,54,30,16
prod_00276,telefonia,21,807,3,3184,45,32,24
prod_00277,beleza_saude,20,850,5,4929,15,26,37
prod_00278,beleza_saude,26,962,3,3998,24,38,13
prod_00279,utilidades_domesticas,61,995,5,3089,20,38,21
prod_00280,automotivo,39,320,4,2581,35,14,26
prod_00281,telefonia,30,528,3,1439,30,32,26
prod_00282,perfumaria,39,206,2,225,26,6,15
prod_00283,relogios_presentes,64,548,3,3023,36,36,12
prod_00284,perfumaria,21,108,2,3119,40,12,21
prod_00285,relogios_presentes,52,804,1,140,23,30,43
prod_00286,relogios_presentes,41,933,2,3015,42,24,10
prod_00287,beleza_saude,47,468,5,2303,11,23,14
prod_00288,brinquedos,50,808,3,4439,32,20,15
prod_00289,beleza_saude,54,897,3,926,47,24,24
prod_00290,perfumaria,29,455,5,450,46,39,30
prod_00291,brinquedos,41,467,3,3560,35,36,43
prod_00292,telefonia,36,343,4,365,11,13,18
prod_00293,informatica_acessorios,62,366,3,1508,45,18,17
prod_00294,perfumaria,57,245,3,1088,36,35,45
prod_00295,brinquedos,69,133,1,1573,22,14,14
prod_00296,eletrodomesticos,26,787,3,3260,13,13,35
prod_00297,utilidades_domesticas,56,361,3,4658,33,31,18
prod_00298,informatica_acessorios,32,124,4,1053,33,31,30
prod_00299,beleza_saude,48,222,2,2916,20,9,32
prod_00300,eletrodomesticos,45,892,2,4874,49,35,32
prod_00301,ferramentas_jardim,22,555,3,3121,26,22,37
prod_00302,brinquedos,58,861,2,4248,48,38,16
prod_00303,perfumaria,29,343,1,960,32,16,43
prod_00304,beleza_saude,56,502,1,893,48,28,38
prod_00305,eletrodomesticos,42,722,2,3982,45,12,33
prod_00306,informatica_acessorios,39,673,1,4075,45,33,36
prod_00307,moveis_decoracao,53,465,3,2468,52,22,30
prod_00308,eletronicos,23,352,2,2674,14,30,43
prod_00309,automotivo,51,772,4,3614,39,31,21
prod_00310,moveis_decoracao,64,409,3,3860,16,17,26
prod_00311,eletrodomesticos,61,469,3,1197,55,19,15
prod_00312,utilidades_domesticas,37,577,3,3685,11,14,10
prod_00313,eletronicos,20,450,2,479,49,16,18
prod_00314,eletrodomesticos,42,900,4,1084,39,13,31
prod_00315,moveis_decoracao,63,701,4,4731,51,21,47
prod_00316,automotivo,32,661,4,1017,38,38,10
prod_00317,informatica_acessorios,23,243,2,2753,55,15,37
prod_00318,cool_stuff,57,150,1,4742,24,26,25
prod_00319,moveis_decoracao,28,253,3,3953,20,30,19
prod_00320,beleza_saude,56,661,3,1846,16,13,38
prod_00321,ferramentas_jardim,65,130,1,3070,28,10,23
prod_00322,esporte_lazer,50,544,2,2238,39,34,22
prod_00323,eletrodomesticos,21,706,4,310,47,6,11
prod_00324,cama_mesa_banho,69,774,2,1042,16,23,29
prod_00325,moveis_decoracao,35,423,1,2881,45,19,11
prod_00326,telefonia,60,840,5,4421,23,12,27
prod_00327,ferramentas_jardim,40,363,5,475,33,7,14
prod_00328,eletronicos,40,937,1,4119,14,33,35
prod_00329,eletronicos,21,179,1,1869,20,14,13
prod_00330,brinquedos,55,148,4,4353,57,27,48
prod_00331,brinquedos,26,207,3,3494,48,30,40
prod_00332,moveis_decoracao,34,689,4,3900,36,11,13
prod_00333,relogios_presentes,56,416,3,4862,35,10,20
prod_00334,automotivo,28,949,4,4606,25,33,11
prod_00335,utilidades_domesticas,20,793,2,1520,59,27,18
prod_00336,utilidades_domesticas,35,579,3,1203,18,16,22
prod_00337,beleza_saude,42,655,4,3481,17,24,25
prod_00338,utilidades_domesticas,43,260,1,1931,40,9,27
prod_00339,ferramentas_jardim,65,515,4,1711,23,21,46
prod_00340,telefonia,43,818,2,2082,17,29,38
prod_00341,moveis_decoracao,29,327,1,1946,47,8,41
prod_00342,ferramentas_jardim,58,893,3,690,52,22,27
prod_00343,moveis_decoracao,67,962,1,3993,38,33,36
prod_00344,relogios_presentes,30,614,4,1011,41,9,23
prod_00345,utilidades_domesticas,49,331,2,4837,29,18,18
prod_00346,beleza_saude,59,711,4,1070,54,5,43
prod_00347,informatica_acessorios,52,733,4,922,31,20,20
prod_00348,telefonia,26,193,5,3682,31,10,32
prod_00349,esporte_lazer,25,842,2,4360,10,28,34
prod_00350,relogios_presentes,62,134,1,1451,42,20,27
prod_00351,automotivo,69,125,5,2105,50,28,49
prod_00352,esporte_lazer,27,298,1,661,46,17,16
prod_00353,telefonia,35,549,1,3362,40,20,42
prod_00354,perfumaria,68,896,3,1188,48,38,38
prod_00355,cool_stuff,40,338,3,1430,24,33,15
prod_00356,telefonia,23,216,2,1085,15,17,13
prod_00357,eletrodomesticos,66,760,2,2661,42,13,26
prod_00358,brinquedos,46,967,4,1001,15,30,35
prod_00359,perfumaria,54,497,2,1035,20,29,26
prod_00360,beleza_saude,20,297,2,2155,56,7,37
prod_00361,telefonia,35,853,3,227,31,8,46
prod_00362,eletronicos,50,950,5,1293,27,27,11
prod_00363,cama_mesa_banho,57,800,3,4827,19,12,19
prod_00364,informatica_acessorios,37,493,2,1327,37,16,40
prod_00365,eletrodomesticos,56,746,4,274,51,16,46
prod_00366,relogios_presentes,29,929,4,2559,35,25,28
prod_00367,telefonia,68,862,4,3442,27,23,18
prod_00368,relogios_presentes,42,573,3,4722,17,16,35
prod_00369,brinquedos,38,912,4,4492,15,16,45
prod_00370,moveis_decoracao,68,515,2,3321,35,37,43
prod_00371,informatica_acessorios,61,344,3,3579,56,34,27
prod_00372,telefonia,26,279,2,1349,40,15,27
prod_00373,eletrodomesticos,49,691,5,3312,42,23,20
prod_00374,cool_stuff,57,571,2,2930,38,32,22
prod_00375,cool_stuff,60,400,5,3727,28,30,43
prod_00376,perfumaria,62,741,5,138,36,27,26
prod_00377,cool_stuff,63,103,1,3211,27,7,39
prod_00378,perfumaria,37,726,1,113,13,15,28
prod_00379,beleza_saude,25,573,2,824,32,32,36
prod_00380,moveis_decoracao,31,365,5,2683,17,26,39
prod_00381,cama_mesa_banho,30,580,3,4343,49,19,28
prod_00382,moveis_decoracao,67,583,3,693,33,38,36
prod_00383,perfumaria,21,307,4,4697,14,36,20
prod_00384,eletronicos,47,714,4,1851,57,7,43
prod_00385,esporte_lazer,37,248,3,430,20,14,46
prod_00386,eletrodomesticos,42,488,1,2152,52,6,25
prod_00387,perfumaria,32,912,5,2039,23,26,45
prod_00388,cama_mesa_banho,63,275,2,4430,20,8,28
prod_00389,beleza_saude,39,617,3,2020,22,28,12
prod_00390,perfumaria,43,381,3,456,31,34,49
prod_00391,eletrodomesticos,32,246,1,2832,49,5,11
prod_00392,beleza_saude,46,277,4,2837,23,23,46
prod_00393,esporte_lazer,34,526,5,502,29,32,21
prod_00394,beleza_saude,40,690,2,4387,10,20,27
prod_00395,cool_stuff,58,890,1,4983,30,25,18
prod_00396,relogios_presentes,21,476,4,4045,34,36,40
prod_00397,informatica_acessorios,29,396,2,765,37,5,39
prod_00398,cool_stuff,37,354,2,2258,46,6,26
prod_00399,automotivo,56,566,1,2769,41,35,22
prod_00400,automotivo,67,847,2,1621,45,22,24
prod_00401,brinquedos,28,468,4,498,45,21,16
prod_00402,relogios_presentes,31,373,3,3773,11,12,25
prod_00403,cool_stuff,37,504,4,2023,49,14,10
prod_00404,perfumaria,64,444,1,548,38,37,25
prod_00405,telefonia,22,678,2,532,57,20,45
prod_00406,informatica_acessorios,39,180,3,3373,55,28,10
prod_00407,moveis_decoracao,54,370,5,3181,25,9,10
prod_00408,esporte_lazer,49,113,4,3810,36,29,46
prod_00409,utilidades_domesticas,22,838,5,1609,18,16,31
prod_00410,esporte_lazer,34,263,1,884,49,8,37
prod_00411,ferramentas_jardim,37,697,1,3073,54,5,44
prod_00412,eletronicos,54,483,5,969,14,39,27
prod_00413,esporte_lazer,29,944,3,4219,22,23,20
prod_00414,ferramentas_jardim,62,115,2,1859,54,28,26
prod_00415,ferramentas_jardim,59,500,5,4541,34,10,48
prod_00416,esporte_lazer,27,606,3,3972,14,15,46
prod_00417,cama_mesa_banho,61,648,2,2406,55,6,40
prod_00418,perfumaria,47,315,5,2628,18,18,41
prod_00419,cool_stuff,52,555,5,3692,58,18,42
prod_00420,cool_stuff,36,763,1,371,28,38,47
prod_00421,esporte_lazer,32,551,1,1580,14,5,25
prod_00422,eletrodomesticos,58,963,4,3776,41,27,43
prod_00423,beleza_saude,38,611,2,3048,17,5,23
prod_00424,perfumaria,65,727,2,1333,28,32,45
prod_00425,cool_stuff,58,166,2,2693,12,38,24
prod_00426,beleza_saude,68,137,3,2069,32,36,26
prod_00427,esporte_lazer,34,925,5,3441,52,27,18
prod_00428,eletrodomesticos,56,315,4,1718,19,39,23
prod_00429,ferramentas_jardim,30,958,2,431,29,32,33
prod_00430,informatica_acessorios,52,122,4,2827,47,9,20
prod_00431,eletrodomesticos,31,568,3,330,30,20,38
prod_00432,ferramentas_jardim,35,887,1,4434,28,24,34
prod_00433,moveis_decoracao,20,166,4,4825,23,24,13
prod_00434,beleza_saude,41,438,5,1106,11,21,41
prod_00435,ferramentas_jardim,36,395,3,3215,41,9,41
prod_00436,perfumaria,67,225,3,1884,35,24,12
prod_00437,eletrodomesticos,66,100,4,4461,46,9,15
prod_00438,cool_stuff,38,504,2,1098,54,7,28
prod_00439,cool_stuff,21,661,3,3095,53,36,26
prod_00440,beleza_saude,35,621,1,4194,49,29,14
prod_00441,eletronicos,58,385,3,4850,37,38,19
prod_00442,brinquedos,40,384,5,2903,33,5,36
prod_00443,relogios_presentes,64,102,1,3904,27,6,45
prod_00444,perfumaria,20,335,4,4184,26,14,41
prod_00445,utilidades_domesticas,42,239,2,4561,52,22,30
prod_00446,cama_mesa_banho,61,704,1,2169,56,17,41
prod_00447,automotivo,42,311,4,1166,46,26,43
prod_00448,brinquedos,29,143,1,883,28,11,24
prod_00449,beleza_saude,39,688,2,4580,22,35,18
prod_00450,perfumaria,31,614,5,3840,29,36,11
prod_00451,informatica_acessorios,50,501,3,2575,26,6,48
prod_00452,cama_mesa_banho,60,925,3,2210,36,8,15
prod_00453,cama_mesa_banho,33,683,2,3127,13,35,36
prod_00454,utilidades_domesticas,25,668,2,3717,40,12,30
prod_00455,informatica_acessorios,56,864,1,1676,35,17,43
prod_00456,automotivo,63,242,3,1627,46,6,49
prod_00457,beleza_saude,45,884,3,4406,10,8,31
prod_00458,perfumaria,34,196,2,276,21,34,17
prod_00459,utilidades_domesticas,21,371,4,2260,51,34,29
prod_00460,informatica_acessorios,20,141,4,3950,54,21,47
prod_00461,ferramentas_jardim,42,343,5,936,25,20,18
prod_00462,informatica_acessorios,22,711,2,1221,43,36,28
prod_00463,beleza_saude,22,163,5,3473,33,7,41
prod_00464,beleza_saude,48,219,2,1355,50,32,20
prod_00465,cama_mesa_banho,41,103,2,492,33,5,37
prod_00466,cama_mesa_banho,33,505,2,3914,46,29,45
prod_00467,utilidades_domesticas,31,728,3,2742,52,35,30
prod_00468,cool_stuff,35,477,3,2251,13,31,11
prod_00469,moveis_decoracao,64,425,5,4693,17,17,16
prod_00470,cama_mesa_banho,51,562,1,4377,25,31,34
prod_00471,telefonia,23,552,1,2105,58,27,45
prod_00472,ferramentas_jardim,25,219,1,2503,52,8,30
prod_00473,esporte_lazer,56,754,5,825,18,12,47
prod_00474,brinquedos,57,384,5,715,50,23,22
prod_00475,cool_stuff,41,726,2,1372,33,22,35
prod_00476,beleza_saude,58,311,5,2333,48,39,32
prod_00477,eletronicos,39,438,3,1960,10,39,22
prod_00478,perfumaria,27,934,5,2980,12,39,45
prod_00479,relogios_presentes,46,799,4,3635,18,15,38
prod_00480,brinquedos,43,643,2,2653,57,16,18
prod_00481,utilidades_domesticas,46,833,3,2592,55,20,29
prod_00482,cama_mesa_banho,39,132,1,3828,56,16,30
prod_00483,automotivo,61,355,4,3880,45,12,17
prod_00484,eletronicos,29,198,5,1370,56,5,35
prod_00485,eletrodomesticos,39,950,4,2916,20,10,47
prod_00486,beleza_saude,30,356,1,3129,58,11,36
prod_00487,ferramentas_jardim,20,691,2,2776,50,5,32
prod_00488,eletrodomesticos,69,676,2,4080,54,18,40
prod_00489,utilidades_domesticas,44,253,2,2943,12,38,23
prod_00490,relogios_presentes,62,638,4,1976,43,32,26
prod_00491,telefonia,31,921,3,103,44,5,17
prod_00492,ferramentas_jardim,29,145,5,2655,25,30,19
prod_00493,relogios_presentes,36,380,1,3473,23,38,24
prod_00494,relogios_presentes,25,118,4,3712,45,29,40
prod_00495,brinquedos,33,748,1,2769,12,28,32
prod_00496,eletronicos,37,338,4,4705,57,11,43
prod_00497,eletronicos,54,528,5,827,59,29,32
prod_00498,beleza_saude,45,794,4,3902,15,35,30
prod_00499,relogios_presentes,26,238,2,59,25,17,19
prod_00500,ferramentas_jardim,61,320,4,4287,49,24,31
prod_00501,telefonia,31,518,4,3326,41,33,38
prod_00502,relogios_presentes,27,584,5,4421,43,35,26
prod_00503,cama_mesa_banho,32,925,2,1481,41,28,37
prod_00504,moveis_decoracao,43,127,5,1039,42,7,49
prod_00505,moveis_decoracao,50,849,1,2271,22,38,32
prod_00506,esporte_lazer,23,197,4,2759,37,10,10
prod_00507,cool_stuff,33,997,5,2142,27,39,11
prod_00508,informatica_acessorios,59,432,3,1295,46,17,26
prod_00509,informatica_acessorios,22,120,3,1837,33,15,43
prod_00510,ferramentas_jardim,56,781,3,186,10,17,22
prod_00511,moveis_decoracao,20,984,5,67,57,32,16
prod_00512,moveis_decoracao,50,733,4,1213,38,8,35
prod_00513,beleza_saude,48,954,3,4220,36,26,37
prod_00514,telefonia,31,422,2,818,23,22,16
prod_00515,informatica_acessorios,24,374,3,3382,33,6,18
prod_00516,eletronicos,32,872,3,1528,24,37,34
prod_00517,perfumaria,26,645,4,3177,19,9,48
prod_00518,informatica_acessorios,41,406,3,2307,33,16,17
prod_00519,utilidades_domesticas,61,269,3,1390,25,20,16
prod_00520,brinquedos,69,910,4,3908,40,34,15
prod_00521,esporte_lazer,56,388,3,4567,38,22,19
prod_00522,cool_stuff,63,580,5,1461,18,31,36
prod_00523,cool_stuff,30,428,2,858,45,31,29
prod_00524,utilidades_domesticas,38,934,5,2870,20,15,12
prod_00525,relogios_presentes,28,705,3,1498,28,17,39
prod_00526,eletrodomesticos,30,120,2,3490,25,6,39
prod_00527,perfumaria,63,209,1,3630,18,29,41
prod_00528,perfumaria,26,338,2,2293,53,37,40
prod_00529,ferramentas_jardim,51,317,4,3830,36,39,30
prod_00530,utilidades_domesticas,40,674,2,4314,43,28,29
prod_00531,telefonia,26,422,5,1302,20,5,21
prod_00532,utilidades_domesticas,48,366,4,1254,28,29,44
prod_00533,moveis_decoracao,43,508,5,450,17,17,27
prod_00534,eletrodomesticos,61,802,5,3649,52,38,32
prod_00535,automotivo,43,906,1,3691,57,19,37
prod_00536,eletronicos,59,813,3,2764,29,10,23
prod_00537,telefonia,46,990,1,4530,50,22,17
prod_00538,utilidades_domesticas,64,415,3,4008,20,32,25
prod_00539,eletronicos,25,612,5,3156,22,26,10
prod_00540,brinquedos,26,990,2,1750,26,12,14
prod_00541,eletrodomesticos,46,530,3,609,52,28,14
prod_00542,eletrodomesticos,29,149,1,3043,52,16,32
prod_00543,eletronicos,60,739,4,4271,32,28,27
prod_00544,esporte_lazer,22,170,1,2095,59,5,44
prod_00545,informatica_acessorios,41,756,5,2802,21,32,13
prod_00546,automotivo,30,324,5,204,18,12,38
prod_00547,beleza_saude,50,321,1,1705,36,7,25
prod_00548,perfumaria,61,642,1,1801,34,21,29
prod_00549,utilidades_domesticas,65,510,4,2905,32,13,32
prod_00550,relogios_presentes,23,969,3,2934,48,15,14
prod_00551,perfumaria,21,211,5,3562,18,38,46
prod_00552,relogios_presentes,40,957,3,474,51,24,38
prod_00553,perfumaria,66,245,5,1539,34,23,10
prod_00554,moveis_decoracao,55,719,5,668,34,38,10
prod_00555,telefonia,43,172,1,1568,19,13,40
prod_00556,informatica_acessorios,22,703,1,222,24,23,17
prod_00557,moveis_decoracao,65,298,2,4124,46,29,42
prod_00558,utilidades_domesticas,50,531,1,3594,53,32,41
prod_00559,utilidades_domesticas,29,125,2,1394,12,37,49
prod_00560,eletrodomesticos,29,568,5,4667,33,18,27
prod_00561,relogios_presentes,56,472,4,4113,33,30,17
prod_00562,telefonia,30,211,3,4613,18,29,34
prod_00563,informatica_acessorios,32,195,3,1549,59,35,49
prod_00564,brinquedos,39,384,4,1384,42,35,22
prod_00565,brinquedos,65,710,4,2497,23,31,31
prod_00566,brinquedos,54,923,1,4549,12,30,16
prod_00567,brinquedos,46,958,5,4271,15,18,41
prod_00568,utilidades_domesticas,22,850,3,1931,25,6,39
prod_00569,esporte_lazer,42,413,4,2059,44,10,13
prod_00570,automotivo,40,423,5,583,26,30,45
prod_00571,perfumaria,50,353,3,3128,14,38,28
prod_00572,informatica_acessorios,64,130,5,1269,31,24,35
prod_00573,informatica_acessorios,40,197,2,1173,25,7,23
prod_00574,relogios_presentes,63,336,3,3045,22,39,24
prod_00575,informatica_acessorios,27,273,2,938,52,31,17
prod_00576,cool_stuff,47,752,5,4824,21,12,44
prod_00577,automotivo,41,932,1,3023,19,33,21
prod_00578,perfumaria,45,823,4,4822,19,36,13
prod_00579,informatica_acessorios,66,133,2,2134,57,24,21
prod_00580,cool_stuff,65,386,1,1160,23,14,41
prod_00581,esporte_lazer,27,985,3,2830,42,22,42
prod_00582,ferramentas_jardim,50,928,4,3871,48,37,19
prod_00583,cool_stuff,22,958,5,2780,50,7,34
prod_00584,utilidades_domesticas,37,574,4,1270,54,30,49
prod_00585,brinquedos,31,957,1,4505,50,23,26
prod_00586,utilidades_domesticas,58,289,1,3848,37,6,20
prod_00587,cama_mesa_banho,50,754,3,3488,31,26,40
prod_00588,moveis_decoracao,59,126,5,3426,27,30,24
prod_00589,informatica_acessorios,54,141,3,3531,24,27,23
prod_00590,ferramentas_jardim,64,931,5,1107,26,37,20
prod_00591,beleza_saude,56,778,3,4831,11,32,20
prod_00592,moveis_decoracao,67,987,4,2071,18,35,25
prod_00593,eletrodomesticos,39,740,5,4876,22,7,11
prod_00594,cool_stuff,37,830,5,87,30,7,36
prod_00595,cool_stuff,48,449,5,2211,23,6,30
prod_00596,relogios_presentes,37,687,3,2155,50,33,49
prod_00597,cool_stuff,56,620,3,4650,24,35,41
prod_00598,telefonia,29,807,3,2730,11,19,27
prod_00599,cama_mesa_banho,24,386,1,3608,36,14,30
prod_00600,brinquedos,53,916,4,3007,43,26,23
prod_00601,eletrodomesticos,59,267,3,2813,30,38,19
prod_00602,ferramentas_jardim,52,102,4,1794,46,13,14
prod_00603,ferramentas_jardim,38,611,2,1982,57,18,10
prod_00604,brinquedos,69,244,3,2907,22,24,24
prod_00605,beleza_saude,66,598,5,587,51,39,32
prod_00606,beleza_saude,33,269,5,2530,16,5,35
prod_00607,relogios_presentes,45,847,2,1224,44,30,13
prod_00608,brinquedos,25,460,3,1024,33,20,35
prod_00609,cama_mesa_banho,58,526,5,820,56,20,32
prod_00610,ferramentas_jardim,41,336,5,1968,10,18,37
prod_00611,informatica_acessorios,23,549,2,414,51,29,22
prod_00612,cama_mesa_banho,53,110,5,3802,30,25,25
prod_00613,automotivo,67,107,4,281,50,19,19
prod_00614,ferramentas_jardim,23,134,4,2407,29,6,19
prod_00615,eletronicos,21,840,1,4589,28,9,10
prod_00616,automotivo,42,894,1,4662,30,23,31
prod_00617,automotivo,39,448,3,2483,27,15,47
prod_00618,eletrodomesticos,46,428,1,2633,48,32,37
prod_00619,beleza_saude,32,684,5,784,34,6,15
prod_00620,perfumaria,54,229,5,4358,29,37,37
prod_00621,moveis_decoracao,60,505,3,3158,46,25,33
prod_00622,perfumaria,38,160,1,2103,40,32,38
prod_00623,automotivo,40,564,1,1305,30,21,15
prod_00624,telefonia,28,357,5,2295,57,16,10
prod_00625,eletronicos,30,605,4,3335,25,35,38
prod_00626,cool_stuff,54,315,1,556,16,29,14
prod_00627,beleza_saude,29,841,2,3478,50,24,21
prod_00628,moveis_decoracao,60,445,5,2809,49,27,17
prod_00629,telefonia,25,550,3,1432,52,10,16
prod_00630,informatica_acessorios,58,260,1,1070,41,20,15
prod_00631,telefonia,40,922,4,4524,16,7,17
prod_00632,relogios_presentes,33,793,5,4204,49,31,44
prod_00633,perfumaria,62,907,1,3080,21,15,35
prod_00634,cool_stuff,69,943,4,369,43,7,10
prod_00635,perfumaria,58,372,4,1528,27,27,36
prod_00636,cama_mesa_banho,58,644,5,3414,22,12,37
prod_00637,brinquedos,64,522,1,1290,10,21,40
prod_00638,automotivo,67,211,3,3355,43,14,19
prod_00639,eletronicos,31,468,1,1773,10,30,37
prod_00640,eletrodomesticos,53,252,2,1664,34,35,21
prod_00641,cool_stuff,58,413,3,4568,18,25,24
prod_00642,esporte_lazer,29,963,5,943,30,30,11
prod_00643,beleza_saude,29,945,2,1649,16,36,27
prod_00644,automotivo,57,963,2,2972,28,19,32
prod_00645,eletrodomesticos,44,529,1,4596,40,31,19
prod_00646,telefonia,31,963,4,2406,42,26,15
prod_00647,cama_mesa_banho,20,233,2,554,37,31,26
prod_00648,ferramentas_jardim,45,449,5,2268,59,23,12
prod_00649,cool_stuff,55,133,5,3684,30,12,10
prod_00650,eletrodomesticos,32,751,4,4347,47,31,19
prod_00651,moveis_decoracao,38,729,2,2431,12,38,13
prod_00652,ferramentas_jardim,56,403,4,4878,53,33,46
prod_00653,esporte_lazer,50,661,2,2294,30,39,22
prod_00654,eletronicos,48,841,1,708,20,28,37
prod_00655,utilidades_domesticas,46,721,5,159,48,6,40
prod_00656,automotivo,38,657,4,2929,55,20,26
prod_00657,telefonia,31,906,2,3344,36,5,44
prod_00658,utilidades_domesticas,43,158,2,3627,44,39,26
prod_00659,telefonia,58,860,3,269,30,9,13
prod_00660,moveis_decoracao,40,876,3,923,40,15,23
prod_00661,cool_stuff,43,587,3,2288,17,29,46
prod_00662,perfumaria,41,982,3,1713,41,12,42
prod_00663,ferramentas_jardim,58,560,3,1638,32,19,21
prod_00664,esporte_lazer,50,456,3,149,46,7,11
prod_00665,eletrodomesticos,38,209,5,2799,12,32,15
prod_00666,informatica_acessorios,32,964,2,2703,19,32,43
prod_00667,eletrodomesticos,67,686,5,2745,32,17,49
prod_00668,ferramentas_jardim,53,941,2,3730,48,10,38
prod_00669,automotivo,69,945,3,563,14,8,20
prod_00670,eletronicos,61,814,1,2251,55,38,19
prod_00671,brinquedos,53,888,4,4755,52,9,45
prod_00672,esporte_lazer,46,410,4,1287,49,34,28
prod_00673,utilidades_domesticas,53,210,5,1214,12,15,11
prod_00674,automotivo,58,396,3,1769,47,35,11
prod_00675,eletrodomesticos,46,906,5,2790,58,15,22
prod_00676,brinquedos,52,202,4,685,53,16,40
prod_00677,beleza_saude,23,558,3,3927,13,28,49
prod_00678,relogios_presentes,47,638,4,350,20,23,10
prod_00679,esporte_lazer,26,652,2,4639,20,39,23
prod_00680,ferramentas_jardim,45,544,4,1115,57,5,25
prod_00681,eletronicos,45,891,2,2098,28,10,22
prod_00682,eletrodomesticos,69,671,1,4329,13,6,34
prod_00683,telefonia,40,689,3,2616,41,24,47
prod_00684,ferramentas_jardim,36,533,4,1779,40,16,16
prod_00685,automotivo,51,669,4,4728,54,14,39
prod_00686,telefonia,46,963,4,1336,45,12,26
prod_00687,automotivo,63,982,4,566,27,38,33
prod_00688,informatica_acessorios,21,622,3,1068,59,7,47
prod_00689,automotivo,63,449,4,484,42,23,26
prod_00690,cama_mesa_banho,68,213,5,4657,12,24,26
prod_00691,esporte_lazer,45,413,2,625,15,7,34
prod_00692,telefonia,47,993,2,1124,19,10,18
prod_00693,brinquedos,40,818,4,3109,52,38,12
prod_00694,informatica_acessorios,59,903,1,4441,28,22,41
prod_00695,ferramentas_jardim,67,292,5,3848,10,26,12
prod_00696,telefonia,58,697,5,4816,54,35,10
prod_00697,telefonia,54,813,1,1412,44,15,49
prod_00698,brinquedos,45,989,2,525,22,6,17
prod_00699,relogios_presentes,40,827,3,3146,42,28,39
prod_00700,utilidades_domesticas,25,708,4,554,29,11,44
prod_00701,brinquedos,51,349,2,3282,18,11,36
prod_00702,esporte_lazer,21,879,3,312,19,28,22
prod_00703,eletronicos,31,948,2,835,43,36,15
prod_00704,moveis_decoracao,37,108,1,3689,28,25,41
prod_00705,informatica_acessorios,33,786,1,437,24,21,12
prod_00706,ferramentas_jardim,25,589,2,330,47,36,13
prod_00707,moveis_decoracao,21,827,2,4042,46,29,37
prod_00708,brinquedos,42,856,3,239,33,37,32
prod_00709,brinquedos,35,429,4,1791,46,21,22
prod_00710,perfumaria,37,743,5,2354,30,37,32
prod_00711,informatica_acessorios,21,190,4,4480,42,28,12
prod_00712,informatica_acessorios,21,306,3,2431,40,20,47
prod_00713,esporte_lazer,64,178,3,4650,31,29,33
prod_00714,esporte_lazer,64,559,2,998,36,10,21
prod_00715,brinquedos,42,386,1,4913,28,31,18
prod_00716,beleza_saude,64,212,5,4929,20,15,10
prod_00717,automotivo,57,525,4,1571,22,33,29
prod_00718,informatica_acessorios,67,545,5,872,16,34,26
prod_00719,esporte_lazer,21,879,4,51,36,31,41
prod_00720,beleza_saude,29,326,4,4881,33,11,14
prod_00721,cama_mesa_banho,35,877,1,309,55,6,29
prod_00722,eletronicos,62,536,5,2390,34,13,35
prod_00723,cama_mesa_banho,69,887,1,3241,56,28,48
prod_00724,beleza_saude,63,980,3,4293,32,32,37
prod_00725,utilidades_domesticas,41,670,2,451,46,23,16
prod_00726,brinquedos,62,506,2,3322,31,19,17
prod_00727,ferramentas_jardim,35,315,2,1775,31,6,32
prod_00728,perfumaria,66,819,3,3745,12,18,16
prod_00729,telefonia,52,422,2,2775,20,22,33
prod_00730,ferramentas_jardim,59,746,3,4011,33,14,32
prod_00731,relogios_presentes,43,915,2,1944,34,10,27
prod_00732,eletrodomesticos,44,294,4,79,54,35,33
prod_00733,cool_stuff,60,125,1,4016,27,25,22
prod_00734,eletrodomesticos,30,370,3,1244,59,27,17
prod_00735,automotivo,58,933,3,2639,57,21,32
prod_00736,perfumaria,31,538,1,1794,37,38,49
prod_00737,cool_stuff,58,239,4,3869,48,11,28
prod_00738,cama_mesa_banho,25,153,1,461,19,10,28
prod_00739,automotivo,65,450,3,1610,43,5,19
prod_00740,ferramentas_jardim,23,938,2,4753,35,22,44
prod_00741,brinquedos,32,146,2,3369,45,39,19
prod_00742,eletronicos,67,643,4,1149,33,7,17
prod_00743,automotivo,21,380,3,3488,29,5,21
prod_00744,cama_mesa_banho,30,216,3,240,56,7,33
prod_00745,informatica_acessorios,46,853,4,1940,42,22,16
prod_00746,eletrodomesticos,52,483,5,4368,45,19,31
prod_00747,perfumaria,65,985,4,4771,32,18,11
prod_00748,beleza_saude,66,926,1,3187,34,21,45
prod_00749,esporte_lazer,60,886,1,1135,54,32,29
prod_00750,esporte_lazer,43,732,5,4965,17,20,24
prod_00751,automotivo,41,714,1,1814,15,33,28
prod_00752,informatica_acessorios,42,264,4,3502,41,23,20
prod_00753,telefonia,55,567,1,3288,17,28,11
prod_00754,eletrodomesticos,20,567,4,1949,42,24,15
prod_00755,ferramentas_jardim,43,915,1,2999,11,32,30
prod_00756,informatica_acessorios,32,753,1,4741,12,25,10
prod_00757,ferramentas_jardim,37,637,2,1019,11,27,24
prod_00758,beleza_saude,26,408,2,3869,19,10,28
prod_00759,automotivo,59,553,4,1067,14,12,47
prod_00760,cama_mesa_banho,23,490,5,1687,55,15,26
prod_00761,perfumaria,39,877,2,3325,58,14,41
prod_00762,relogios_presentes,65,829,4,4129,42,21,27
prod_00763,ferramentas_jardim,29,940,4,4175,56,16,35
prod_00764,cama_mesa_banho,26,103,2,503,31,21,46
prod_00765,eletrodomesticos,58,217,5,1279,13,30,19
prod_00766,perfumaria,65,634,1,4524,28,28,43
prod_00767,eletronicos,62,174,5,1579,19,6,27
prod_00768,telefonia,44,956,2,4722,12,38,29
prod_00769,eletronicos,38,964,4,787,17,36,26
prod_00770,telefonia,63,814,2,1839,27,28,27
prod_00771,eletrodomesticos,59,193,2,1979,11,34,29
prod_00772,eletronicos,39,825,2,4932,48,18,12
prod_00773,brinquedos,48,472,2,203,19,26,42
prod_00774,telefonia,24,678,5,2017,29,33,37
prod_00775,cama_mesa_banho,49,838,3,3178,39,24,31
prod_00776,esporte_lazer,47,470,2,1693,16,20,49
prod_00777,beleza_saude,58,534,5,96,34,20,26
prod_00778,cool_stuff,68,745,5,153,23,12,32
prod_00779,moveis_decoracao,64,265,2,283,19,6,44
prod_00780,automotivo,59,375,5,215,23,28,44
prod_00781,esporte_lazer,47,591,2,2989,42,20,41
prod_00782,esporte_lazer,45,844,4,2030,18,20,34
prod_00783,esporte_lazer,20,476,1,1258,28,6,27
prod_00784,telefonia,30,752,5,3178,47,8,22
prod_00785,cool_stuff,20,990,3,4006,30,14,27
prod_00786,eletronicos,64,320,3,2568,56,27,19
prod_00787,esporte_lazer,33,968,4,158,40,18,40
prod_00788,brinquedos,40,641,5,1209,12,28,28
prod_00789,beleza_saude,20,522,4,4474,13,14,17
prod_00790,esporte_lazer,33,120,3,3706,41,35,17
prod_00791,informatica_acessorios,29,928,4,2584,56,30,26
prod_00792,brinquedos,45,630,2,4547,22,19,15
prod_00793,cool_stuff,54,444,1,3238,27,31,24
prod_00794,cool_stuff,39,901,2,2654,19,32,44
prod_00795,moveis_decoracao,22,523,5,2592,26,25,10
prod_00796,automotivo,44,359,3,3656,33,18,46
prod_00797,eletrodomesticos,69,752,5,2624,28,11,34
prod_00798,ferramentas_jardim,43,161,4,1303,42,10,15
prod_00799,relogios_presentes,25,155,1,3581,15,39,32
prod_00800,informatica_acessorios,21,213,2,712,52,20,31
prod_00801,eletrodomesticos,49,986,2,3733,43,30,47
prod_00802,brinquedos,23,806,1,3052,49,8,42
prod_00803,informatica_acessorios,53,238,1,1390,58,14,33
prod_00804,brinquedos,39,776,4,1923,45,30,39
prod_00805,esporte_lazer,54,162,2,4889,57,17,35
prod_00806,beleza_saude,69,211,3,1695,28,12,10
prod_00807,ferramentas_jardim,69,247,1,2202,45,31,25
prod_00808,eletronicos,37,453,4,1739,10,16,28
prod_00809,moveis_decoracao,56,160,1,2401,52,36,45
prod_00810,cama_mesa_banho,24,747,5,385,22,20,37
prod_00811,relogios_presentes,34,667,1,1233,34,39,14
prod_00812,beleza_saude,59,561,5,3692,21,26,36
prod_00813,relogios_presentes,53,781,5,3527,38,11,27
prod_00814,cool_stuff,59,890,3,2185,36,36,21
prod_00815,telefonia,57,671,5,2830,35,31,15
prod_00816,relogios_presentes,38,361,5,1881,17,22,10
prod_00817,cama_mesa_banho,62,235,5,4201,33,15,10
prod_00818,eletronicos,40,410,1,4636,29,11,45
prod_00819,informatica_acessorios,23,177,1,837,56,33,37
prod_00820,ferramentas_jardim,40,987,4,1117,29,8,18
prod_00821,eletrodomesticos,50,633,2,574,10,21,31
prod_00822,perfumaria,45,249,3,502,33,29,14
prod_00823,eletrodomesticos,29,509,1,1569,51,14,23
prod_00824,ferramentas_jardim,27,366,4,2639,33,20,25
prod_00825,beleza_saude,37,163,4,754,32,16,21
prod_00826,ferramentas_jardim,37,625,3,3485,43,21,48
prod_00827,informatica_acessorios,32,245,4,3049,18,13,29
prod_00828,cool_stuff,21,747,1,4868,41,36,32
prod_00829,automotivo,29,409,5,1846,51,22,27
prod_00830,cama_mesa_banho,68,981,1,1436,12,28,16
prod_00831,informatica_acessorios,68,590,4,2845,47,12,14
prod_00832,perfumaria,64,773,2,494,42,37,47
prod_00833,utilidades_domesticas,59,309,2,251,22,16,11
prod_00834,ferramentas_jardim,33,495,5,1830,47,38,10
prod_00835,esporte_lazer,22,550,4,4711,18,7,26
prod_00836,beleza_saude,63,921,5,1778,10,5,22
prod_00837,eletrodomesticos,20,376,5,502,22,33,18
prod_00838,cool_stuff,34,822,5,2081,46,9,21
prod_00839,moveis_decoracao,64,935,2,3159,30,25,17
prod_00840,moveis_decoracao,53,517,3,3094,20,38,34
prod_00841,moveis_decoracao,55,561,4,581,46,34,21
prod_00842,brinquedos,58,829,5,2468,22,24,21
prod_00843,utilidades_domesticas,29,959,5,3897,43,35,42
prod_00844,ferramentas_jardim,32,308,1,3960,10,28,27
prod_00845,moveis_decoracao,50,759,1,1551,14,6,45
prod_00846,cama_mesa_banho,44,307,1,2141,49,14,49
prod_00847,utilidades_domesticas,40,283,4,2609,28,34,41
prod_00848,cama_mesa_banho,65,725,3,2564,30,6,49
prod_00849,cool_stuff,27,446,4,2541,41,7,13
prod_00850,esporte_lazer,27,502,4,4258,14,16,49
prod_00851,cool_stuff,37,486,2,2024,13,39,36
prod_00852,cama_mesa_banho,67,387,4,1138,43,5,38
prod_00853,brinquedos,36,220,1,2088,11,5,11
prod_00854,beleza_saude,58,176,1,1940,13,33,21
prod_00855,cama_mesa_banho,29,509,5,1677,32,13,28
prod_00856,perfumaria,31,774,5,3590,24,16,28
prod_00857,beleza_saude,24,790,1,2888,44,16,35
prod_00858,eletronicos,39,398,4,1870,53,14,30
prod_00859,relogios_presentes,61,730,4,3723,46,26,31
prod_00860,relogios_presentes,51,689,3,936,11,23,46
prod_00861,utilidades_domesticas,56,493,4,3495,38,17,48
prod_00862,beleza_saude,53,823,2,949,23,24,21
prod_00863,informatica_acessorios,56,570,2,1659,31,30,29
prod_00864,brinquedos,46,876,4,3397,32,28,45
prod_00865,perfumaria,26,473,5,3235,33,19,10
prod_00866,cama_mesa_banho,35,750,5,4862,29,39,16
prod_00867,cool_stuff,34,611,5,3667,39,24,44
prod_00868,automotivo,20,795,2,4220,28,27,21
prod_00869,moveis_decoracao,37,858,1,332,12,25,41
prod_00870,moveis_decoracao,38,819,3,952,43,20,34
prod_00871,automotivo,44,462,5,546,21,38,17
prod_00872,beleza_saude,20,215,4,832,43,8,24
prod_00873,cama_mesa_banho,51,440,1,3567,14,12,47
prod_00874,ferramentas_jardim,51,431,3,4796,56,22,25
prod_00875,esporte_lazer,60,925,1,3354,16,27,16
prod_00876,cama_mesa_banho,61,613,4,1256,54,22,48
prod_00877,eletrodomesticos,29,883,1,1178,24,20,49
prod_00878,beleza_saude,66,491,3,1257,34,30,34
prod_00879,informatica_acessorios,58,468,4,71,27,30,42
prod_00880,utilidades_domesticas,50,457,2,1327,33,22,14
prod_00881,cool_stuff,40,181,1,2965,33,39,39
prod_00882,moveis_decoracao,20,937,4,2641,40,24,11
prod_00883,brinquedos,58,706,1,638,48,24,43
prod_00884,automotivo,43,743,4,3605,19,36,23
prod_00885,informatica_acessorios,52,251,5,3507,13,15,19
prod_00886,esporte_lazer,45,493,1,4030,16,17,48
prod_00887,brinquedos,56,859,5,3611,35,38,30
prod_00888,eletrodomesticos,42,265,5,632,14,17,34
prod_00889,esporte_lazer,38,528,2,3948,39,32,46
prod_00890,cool_stuff,37,367,5,81,12,11,48
prod_00891,cama_mesa_banho,65,230,1,3118,17,37,40
prod_00892,cama_mesa_banho,52,565,1,3990,29,26,23
prod_00893,cool_stuff,30,218,3,2453,41,31,14
prod_00894,relogios_presentes,30,921,5,3534,26,35,34
prod_00895,cama_mesa_banho,51,545,2,2392,57,10,11
prod_00896,eletronicos,54,449,4,870,47,33,44
prod_00897,automotivo,48,786,4,1243,54,34,29
prod_00898,ferramentas_jardim,22,444,4,1661,48,27,19
prod_00899,beleza_saude,38,228,2,2217,33,39,49
prod_00900,telefonia,23,982,2,2661,34,36,15
prod_00901,telefonia,54,809,3,719,59,9,42
prod_00902,perfumaria,54,274,3,3752,49,7,23
prod_00903,automotivo,64,800,4,4402,20,19,35
prod_00904,informatica_acessorios,30,200,5,2964,35,6,31
prod_00905,cama_mesa_banho,38,645,2,4205,18,35,23
prod_00906,ferramentas_jardim,65,664,5,4153,13,37,45
prod_00907,telefonia,69,946,3,3853,33,37,32
prod_00908,telefonia,44,369,5,1168,21,18,25
prod_00909,perfumaria,39,908,1,3375,48,34,34
prod_00910,cama_mesa_banho,40,105,2,1006,50,38,28
prod_00911,telefonia,30,972,2,381,41,33,20
prod_00912,esporte_lazer,35,913,4,2006,50,12,39
prod_00913,cool_stuff,45,865,4,1954,58,17,34
prod_00914,informatica_acessorios,29,392,4,2755,53,20,40
prod_00915,moveis_decoracao,26,933,1,2323,16,29,26
prod_00916,ferramentas_jardim,24,233,4,647,57,37,35
prod_00917,cama_mesa_banho,20,322,4,935,32,7,15
prod_00918,informatica_acessorios,49,860,2,2529,25,17,20
prod_00919,eletronicos,59,303,5,2394,13,17,10
prod_00920,eletrodomesticos,43,860,2,4052,59,30,22
prod_00921,informatica_acessorios,64,740,5,2315,11,38,25
prod_00922,cool_stuff,39,134,2,4563,42,15,20
prod_00923,esporte_lazer,46,698,1,993,54,37,31
prod_00924,esporte_lazer,57,670,5,2420,55,25,45
prod_00925,telefonia,68,310,1,108,55,27,41
prod_00926,eletronicos,34,860,2,661,24,25,12
prod_00927,eletronicos,44,361,3,3310,55,22,36
prod_00928,ferramentas_jardim,66,357,1,1556,28,15,25
prod_00929,telefonia,57,122,4,795,37,21,46
prod_00930,relogios_presentes,26,474,3,2090,36,5,36
prod_00931,esporte_lazer,52,282,2,3894,33,7,44
prod_00932,beleza_saude,30,272,3,662,31,9,11
prod_00933,automotivo,64,981,1,297,46,28,27
prod_00934,informatica_acessorios,32,377,3,2760,38,36,34
prod_00935,perfumaria,67,263,2,4984,40,22,45
prod_00936,beleza_saude,23,613,3,1488,51,24,28
prod_00937,cama_mesa_banho,67,710,1,2970,47,6,34
prod_00938,beleza_saude,68,622,5,4795,44,12,48
prod_00939,brinquedos,49,249,5,1430,31,6,30
prod_00940,cool_stuff,67,472,1,3040,48,22,47
prod_00941,automotivo,54,108,2,1556,54,14,49
prod_00942,cama_mesa_banho,40,984,3,2019,46,7,21
prod_00943,eletrodomesticos,22,101,4,3799,29,6,38
prod_00944,esporte_lazer,25,681,1,1622,26,38,16
prod_00945,ferramentas_jardim,58,968,3,3977,32,10,38
prod_00946,cool_stuff,58,847,2,615,29,25,41
prod_00947,beleza_saude,64,528,3,1038,45,20,20
prod_00948,beleza_saude,22,686,2,3891,28,20,46
prod_00949,eletronicos,35,799,1,4992,13,6,24
prod_00950,brinquedos,30,110,3,2269,32,20,35
prod_00951,cool_stuff,27,781,4,1650,20,36,11
prod_00952,esporte_lazer,45,408,4,1339,10,20,38
prod_00953,telefonia,65,313,3,4521,12,12,13
prod_00954,esporte_lazer,29,264,1,3987,57,31,43
prod_00955,informatica_acessorios,52,744,5,2201,28,8,44
prod_00956,eletrodomesticos,53,124,2,2286,16,36,19
prod_00957,cool_stuff,48,553,5,387,57,25,43
prod_00958,informatica_acessorios,38,940,2,4106,56,18,33
prod_00959,informatica_acessorios,44,783,2,3763,46,9,49
prod_00960,moveis_decoracao,41,422,2,1361,26,28,39
prod_00961,beleza_saude,46,218,5,1222,53,34,14
prod_00962,moveis_decoracao,58,155,4,3075,19,25,14
prod_00963,utilidades_domesticas,61,381,4,1594,45,34,19
prod_00964,telefonia,57,756,4,1448,47,28,44
prod_00965,perfumaria,34,882,1,833,46,27,20
prod_00966,ferramentas_jardim,46,294,5,1344,50,36,26
prod_00967,informatica_acessorios,36,896,2,2405,52,30,10
prod_00968,brinquedos,20,675,1,288,16,24,45
prod_00969,eletronicos,26,512,1,988,18,38,15
prod_00970,moveis_decoracao,60,666,5,2635,38,6,39
prod_00971,cama_mesa_banho,60,898,3,3422,31,13,44
prod_00972,ferramentas_jardim,38,438,3,1364,46,19,22
prod_00973,automotivo,36,779,4,715,39,6,10
prod_00974,perfumaria,26,264,4,3105,42,5,32
prod_00975,informatica_acessorios,65,425,4,2548,56,25,22
prod_00976,cama_mesa_banho,51,100,3,4939,58,13,43
prod_00977,ferramentas_jardim,58,557,1,2465,31,31,25
prod_00978,utilidades_domesticas,44,940,1,1336,51,24,20
prod_00979,informatica_acessorios,44,720,1,2056,25,26,36
prod_00980,moveis_decoracao,36,717,4,3705,12,21,38
prod_00981,esporte_lazer,30,522,3,2839,55,6,10
prod_00982,perfumaria,39,376,4,1421,19,19,31
prod_00983,cool_stuff,55,717,2,4168,49,13,34
prod_00984,utilidades_domesticas,57,511,4,2680,26,37,16
prod_00985,brinquedos,25,930,2,1931,20,37,30
prod_00986,informatica_acessorios,60,280,2,1568,37,8,35
prod_00987,perfumaria,63,759,3,780,26,5,27
prod_00988,relogios_presentes,22,964,1,4954,42,13,42
prod_00989,relogios_presentes,60,802,5,1406,53,12,33
prod_00990,telefonia,64,659,4,973,39,20,19
prod_00991,ferramentas_jardim,46,708,3,3248,32,33,22
prod_00992,utilidades_domesticas,22,400,4,1973,47,14,40
prod_00993,informatica_acessorios,29,262,2,1273,15,27,27
prod_00994,telefonia,29,103,1,4690,58,14,20
prod_00995,perfumaria,50,919,1,1600,26,34,41
prod_00996,telefonia,25,447,5,618,22,5,30
prod_00997,esporte_lazer,43,337,2,3365,51,20,35
prod_00998,cool_stuff,57,728,5,2104,28,10,17
prod_00999,eletronicos,67,863,4,1015,27,23,26
